text,emotion
"I am feeling very happy today",happy
"I am so happy with my results",happy
"Today is a wonderful day",happy
"I got the job and I am excited",happy
"I feel great about everything",happy
"I am enjoying my life",happy
"This is the best day ever",happy
"I am really glad to see you",happy
"I won the competition and I am happy",happy
"I feel joyful today",happy
"I am excited about my future",happy
"Everything is going perfectly",happy
"I love spending time with my friends",happy
"I am smiling all day",happy
"I feel amazing today",happy
"I am very sad today",sad
"I feel lonely and depressed",sad
"I am crying because I lost my friend",sad
"I feel terrible about what happened",sad
"I am disappointed with the result",sad
"I miss my family so much",sad
"Today has been a very difficult day",sad
"I feel hurt and alone",sad
"I am unhappy with my life",sad
"I lost something very important to me",sad
"I feel broken inside",sad
"I cannot stop crying",sad
"I am feeling down today",sad
"I feel very lonely",sad
"I am extremely sad about this",sad
"I am very angry right now",angry
"I hate what happened",angry
"I am furious about this situation",angry
"This makes me really mad",angry
"I am annoyed with my friend",angry
"I am irritated by this problem",angry
"I cannot control my anger",angry
"This is the worst experience",angry
"I am frustrated with everything",angry
"Why did you do this to me",angry
"I am extremely angry",angry
"That person made me furious",angry
"I am mad about the decision",angry
"I am angry because they lied",angry
"I feel rage inside me",angry
"I am scared of the dark",fear
"I am very afraid",fear
"I am worried about my exam",fear
"I feel nervous about tomorrow",fear
"I am frightened by the noise",fear
"I am terrified of losing my job",fear
"I am afraid something bad will happen",fear
"I am feeling anxious",fear
"I am worried about my future",fear
"I am scared to go outside",fear
"I am nervous before the interview",fear
"I am afraid of failure",fear
"I feel panic when I think about it",fear
"This situation makes me uncomfortable and scared",fear
"I am terrified right now",fear
"Wow I did not expect that",surprise
"I am completely surprised",surprise
"This is so unexpected",surprise
"I cannot believe what happened",surprise
"I am shocked by the news",surprise
"What a surprising result",surprise
"Wow this is amazing",surprise
"I never thought this would happen",surprise
"I am surprised to see you here",surprise
"That was totally unexpected",surprise
"I was shocked by the result",surprise
"I cannot believe my eyes",surprise
"What an incredible surprise",surprise
"I did not expect this at all",surprise
"This news surprised me",surprise
"I love you so much",love
"I really care about you",love
"You are very special to me",love
"I love spending time with you",love
"You mean everything to me",love
"I feel deep affection for you",love
"You are the most beautiful person",love
"I care about my family",love
"I love my parents",love
"You are very dear to me",love
"I feel lucky to have you",love
"My heart is full of love",love
"I really love this person",love
"You make me feel loved",love
"I have strong feelings for you",love
"I am going to school today",neutral
"I have a class at ten o clock",neutral
"The meeting starts at nine",neutral
"I bought a new notebook",neutral
"I am reading a book",neutral
"The weather is normal today",neutral
"I went to the shop",neutral
"I completed my homework",neutral
"I have an exam tomorrow",neutral
"I am working on my project",neutral
"I live in Coimbatore",neutral
"I had lunch at one o clock",neutral
"I am using my computer",neutral
"The train arrives at six",neutral
"I have a college assignment",neutral